City_ID,City,Country,Lat,Lng,Max Temp,Humidity,Cloudiness,Wind Speed,Current Description
0,Yellowknife,CA,62.456,-114.3525,22.41,62,75,17.27,broken clouds
1,Westport,US,41.1415,-73.3579,45.95,92,100,4.61,overcast clouds
2,Mataura,NZ,-46.1927,168.8643,50.04,89,93,1.86,overcast clouds
3,Shimoda,JP,34.6667,138.95,49.1,91,100,17.87,moderate rain
4,Saint-Philippe,RE,-21.3585,55.7679,74.79,92,100,11.1,heavy intensity rain
5,Pisco,PE,-13.7,-76.2167,73.45,64,0,20.71,clear sky
6,Gejiu,CN,23.306,103.1635,39.63,75,1,2.84,clear sky
7,Saint George,US,37.1041,-113.5841,76.42,20,0,5.75,clear sky
8,Ushuaia,AR,-54.8,-68.3,38.86,87,40,20.71,scattered clouds
9,Kavieng,PG,-2.5744,150.7967,81.61,75,100,5.23,light rain
10,Hambantota,LK,6.1241,81.1185,78.33,83,25,1.16,scattered clouds
11,Tuatapere,NZ,-46.1333,167.6833,50.56,85,77,3.11,broken clouds
12,Rikitea,PF,-23.1203,-134.9692,76.75,67,56,10.22,broken clouds
13,New Norfolk,AU,-42.7826,147.0587,56.7,89,98,1.32,overcast clouds
14,Hilo,US,19.7297,-155.09,76.73,78,100,10.36,light rain
15,Mana,GF,5.6592,-53.7767,78.46,87,42,11.07,scattered clouds
16,Avarua,CK,-21.2078,-159.775,80.65,83,20,6.91,few clouds
17,Half Moon Bay,US,37.4636,-122.4286,78.89,63,0,20.71,haze
18,Hermanus,ZA,-34.4187,19.2345,60.8,89,2,7.45,clear sky
19,Puerto Ayora,EC,-0.7393,-90.3518,85.96,93,57,8.99,broken clouds
20,Bredasdorp,ZA,-34.5322,20.0403,61.03,90,47,1.63,scattered clouds
21,Hobart,AU,-42.8794,147.3294,57.06,92,75,6.91,broken clouds
22,Goderich,CA,43.7501,-81.7165,38.91,80,49,12.66,scattered clouds
23,Wad Madani,SD,14.4012,33.5199,95.02,15,99,11.14,overcast clouds
24,Vila Franca Do Campo,PT,37.7167,-25.4333,59.41,75,15,12.24,few clouds
25,Albany,US,42.6001,-73.9662,40.57,87,100,1.52,moderate rain
26,Vaini,TO,-21.2,-175.2,75.36,94,75,4.61,thunderstorm
27,Tiksi,RU,71.6872,128.8694,4.48,98,100,7.54,overcast clouds
28,Dalbandin,PK,28.8947,64.4101,73.74,10,2,5.48,clear sky
29,Ondjiva,AO,-17.0667,15.7333,66.6,90,98,6.2,light rain
30,Tiznit,MA,29.5833,-9.5,58.75,58,34,2.68,scattered clouds
31,Arraial Do Cabo,BR,-22.9661,-42.0278,80.56,78,20,9.22,few clouds
32,Bambous Virieux,MU,-20.3428,57.7575,79.21,83,75,11.5,broken clouds
33,Chuy,UY,-33.6971,-53.4616,68.99,75,95,8.7,light rain
34,Butaritari,KI,3.0707,172.7902,81.66,70,99,14.5,overcast clouds
35,Pacific Grove,US,36.6177,-121.9166,64.35,74,0,10.36,clear sky
36,Santa Maria,BR,-29.6842,-53.8069,63.7,100,100,8.05,moderate rain
37,Punta Arenas,CL,-53.15,-70.9167,46.51,61,40,31.07,scattered clouds
38,Lebu,CL,-37.6167,-73.65,56.01,67,0,19.13,clear sky
39,Awbari,LY,26.5921,12.7805,77.81,9,0,4.59,clear sky
40,Havelock,US,34.8791,-76.9013,75.18,29,0,12.66,clear sky
41,Dikson,RU,73.5069,80.5464,-3.14,99,39,9.17,scattered clouds
42,Mount Abu,IN,24.6,72.7,71.91,17,0,4.92,clear sky
43,Honiara,SB,-9.4333,159.95,80.1,86,98,6.26,overcast clouds
44,Pitimbu,BR,-7.4706,-34.8086,77.59,78,41,12.24,scattered clouds
45,Mehamn,NO,71.0357,27.8492,28.31,50,75,10.36,broken clouds
46,Grand Gaube,MU,-20.0064,57.6608,79.38,82,25,5.01,scattered clouds
47,Namibe,AO,-15.1961,12.1522,71.01,79,100,7.45,overcast clouds
48,Barrow,US,71.2906,-156.7887,-7.58,77,100,17.27,haze
49,Severo-Kurilsk,RU,50.6789,156.125,32.31,86,23,11.45,few clouds
50,Salinopolis,BR,-0.6136,-47.3561,80.26,83,65,9.44,moderate rain
51,Faya,SA,18.3851,42.4509,66.31,31,90,2.53,overcast clouds
52,Vostok,RU,46.4856,135.8833,27.79,81,0,6.89,clear sky
53,Cape Town,ZA,-33.9258,18.4232,65.91,83,0,10.36,clear sky
54,Chokurdakh,RU,70.6333,147.9167,-19.62,100,79,2.51,broken clouds
55,Trincomalee,LK,8.5711,81.2335,80.33,78,5,4.88,clear sky
56,Oktyabrskiy,RU,54.4815,53.471,38.62,99,100,6.82,overcast clouds
57,Georgetown,MY,5.4112,100.3354,76.95,99,20,2.3,few clouds
58,Pushkino,RU,56.0172,37.8667,28.69,93,100,5.68,overcast clouds
59,General Pico,AR,-35.6566,-63.7568,66.24,16,5,12.19,clear sky
60,Saint-Joseph,RE,-21.3667,55.6167,73.78,90,100,11.43,moderate rain
61,Bluff,NZ,-46.6,168.3333,55.96,75,99,10.89,overcast clouds
62,Svetlogorsk,BY,52.6333,29.7333,27.77,86,100,6.71,overcast clouds
63,Asau,RO,46.4333,26.4,32.92,93,100,1.25,light snow
64,Port Alfred,ZA,-33.5906,26.891,67.17,92,97,16.51,overcast clouds
65,Lakes Entrance,AU,-37.8811,147.981,57.16,91,100,19.64,overcast clouds
66,Tasiilaq,GL,65.6145,-37.6368,26.76,96,94,5.3,overcast clouds
67,Touros,BR,-5.1989,-35.4608,77.97,87,99,10.6,overcast clouds
68,Busselton,AU,-33.65,115.3333,61.74,81,38,15.95,scattered clouds
69,Leshukonskoye,RU,64.8989,45.7622,18.82,96,99,4.56,overcast clouds
70,Atuona,PF,-9.8,-139.0333,79.99,74,67,22.5,broken clouds
71,Victoria,HK,22.2855,114.1577,65.25,60,1,11.99,clear sky
72,Avera,US,33.194,-82.5271,75.54,27,1,10.71,clear sky
73,Olafsvik,IS,64.8945,-23.7142,34.97,92,100,20.58,overcast clouds
74,Kapaa,US,22.0752,-159.319,78.78,75,40,19.57,scattered clouds
75,Trelew,AR,-43.249,-65.3051,64.29,17,13,20.27,few clouds
76,Guanica,PR,17.9716,-66.908,82.13,77,14,14.23,few clouds
77,Mokhsogollokh,RU,61.4681,128.9203,8.42,98,100,2.42,overcast clouds
78,Yelizovo,RU,53.1873,158.3805,26.74,54,0,13.42,clear sky
79,Orebro,SE,59.2741,15.2066,39.38,38,20,8.05,few clouds
80,Taraz,KZ,42.9,71.3667,50.41,71,100,11.18,overcast clouds
81,Fare,PF,-16.7,-151.0167,81.81,74,46,11.81,scattered clouds
82,Thompson,CA,55.7435,-97.8558,39.36,45,100,9.22,overcast clouds
83,Udachnyy,RU,66.4167,112.4,8.46,84,100,9.04,light snow
84,Upernavik,GL,72.7868,-56.1549,16.93,85,58,4.54,broken clouds
85,Baker City,US,44.7749,-117.8344,57.6,34,0,16.11,clear sky
86,Hovd,MN,48.0056,91.6419,39.47,37,92,6.62,overcast clouds
87,Lagoa,PT,39.05,-27.9833,59.04,81,2,19.86,clear sky
88,Cidreira,BR,-30.1811,-50.2056,70.14,95,100,18.95,light rain
89,Longyearbyen,SJ,78.2186,15.6401,8.44,56,20,21.85,few clouds
90,Huarmey,PE,-10.0681,-78.1522,74.17,75,18,11.68,few clouds
91,Luderitz,NA,-26.6481,15.1594,60.19,87,0,6.2,clear sky
92,Nikolskoye,RU,59.7035,30.7861,30.79,96,35,3.33,scattered clouds
93,Fairbanks,US,64.8378,-147.7164,23.23,61,40,4.61,scattered clouds
94,Ponta Do Sol,PT,32.6667,-17.1,61.72,75,100,14.0,overcast clouds
95,Papa,HU,47.33,17.4674,33.73,60,0,6.91,clear sky
96,Souillac,MU,-20.5167,57.5167,79.18,83,75,11.5,broken clouds
97,Saldanha,ZA,-33.0117,17.9442,59.05,80,0,6.89,clear sky
98,Hasaki,JP,35.7333,140.8333,48.29,74,99,17.09,light rain
99,Yuncheng,CN,35.0231,110.9928,54.14,72,100,4.81,overcast clouds
100,Bilibino,RU,68.0546,166.4372,-3.19,92,46,3.49,scattered clouds
101,Mazagao,BR,-0.115,-51.2894,78.85,90,81,3.85,moderate rain
102,Koslan,RU,63.4564,48.8989,22.1,94,100,8.21,light snow
103,Komsomolskiy,UZ,40.4272,71.7189,57.92,58,100,6.91,overcast clouds
104,Airai,TL,-8.9266,125.4092,56.79,77,20,1.59,few clouds
105,Nemuro,JP,43.3236,145.575,35.73,81,0,14.72,clear sky
106,Yerbogachen,RU,61.2767,108.0108,5.18,95,95,6.73,overcast clouds
107,Road Town,VG,18.4167,-64.6167,82.49,65,40,10.36,scattered clouds
108,San Patricio,US,28.017,-97.5169,88.16,45,0,14.27,clear sky
109,Khipro,PK,25.8285,69.3772,80.47,30,9,10.31,clear sky
110,Hithadhoo,MV,-0.6,73.0833,82.87,69,40,5.14,scattered clouds
111,Chicaman,GT,15.4,-90.7667,79.92,48,61,6.11,broken clouds
112,Alvdal,NO,62.1077,10.6307,23.76,97,100,0.89,overcast clouds
113,Gari,RU,59.4307,62.3497,37.35,100,100,11.56,overcast clouds
114,Elliot Lake,CA,46.3834,-82.6331,38.44,77,96,7.14,overcast clouds
115,Katobu,ID,-4.9408,122.5276,73.31,93,42,2.51,scattered clouds
116,Kaitangata,NZ,-46.2817,169.8464,50.63,87,94,5.17,overcast clouds
117,Provideniya,RU,64.3833,-173.3,4.75,68,0,11.97,clear sky
118,Tuktoyaktuk,CA,69.4541,-133.0374,-20.2,76,0,3.44,clear sky
119,Chake Chake,TZ,-5.2459,39.7666,80.08,79,61,5.91,broken clouds
120,Pevek,RU,69.7008,170.3133,-16.74,96,24,2.1,few clouds
121,Jasidih,IN,24.5167,86.65,78.67,48,2,5.73,clear sky
122,East London,ZA,-33.0153,27.9116,71.92,89,83,13.49,broken clouds
123,Malpe,IN,13.35,74.7167,79.9,77,82,5.23,broken clouds
124,Kodiak,US,57.79,-152.4072,36.91,75,100,9.22,light rain
125,Zhezkazgan,KZ,47.8043,67.7144,50.2,47,83,8.75,broken clouds
126,Tura,IN,25.5198,90.2201,68.83,96,13,6.38,few clouds
127,Andenes,NO,69.3143,16.1194,26.92,63,0,21.85,clear sky
128,Tauranga,NZ,-37.6861,176.1667,67.93,86,2,4.0,clear sky
129,Mahebourg,MU,-20.4081,57.7,79.25,83,75,11.5,broken clouds
130,Port Elizabeth,ZA,-33.918,25.5701,64.31,90,32,3.0,scattered clouds
131,Sabang,ID,5.8933,95.3214,80.35,77,100,10.98,overcast clouds
132,Bandar,ID,2.05,99.75,71.46,95,100,1.36,overcast clouds
133,Porto Nacional,BR,-10.7081,-48.4172,91.4,76,13,3.2,few clouds
134,Arecibo,PR,18.4724,-66.7157,84.29,72,73,3.0,broken clouds
135,Iqaluit,CA,63.7506,-68.5145,28.13,86,75,16.11,broken clouds
136,Hualmay,PE,-11.0964,-77.6139,73.02,76,18,10.11,few clouds
137,Mar Del Plata,AR,-38.0023,-57.5575,71.62,77,75,18.99,broken clouds
138,Isangel,VU,-19.55,169.2667,81.59,81,100,8.79,overcast clouds
139,Kruisfontein,ZA,-34.0033,24.7314,60.89,82,93,4.68,overcast clouds
140,Codrington,AU,-38.2667,141.9667,58.17,84,100,4.97,overcast clouds
141,Pacifica,US,37.6138,-122.4869,77.61,68,20,20.71,haze
142,Salvador,SV,13.8333,-88.9167,86.05,32,9,10.27,clear sky
143,Buraydah,SA,26.326,43.975,77.45,10,76,8.32,broken clouds
144,Qaanaaq,GL,77.484,-69.3632,13.96,74,88,6.38,overcast clouds
145,Taos,US,36.4072,-105.5731,64.2,26,0,10.0,clear sky
146,Maragogi,BR,-9.0122,-35.2225,78.35,83,50,9.28,scattered clouds
147,Innisfail,AU,-17.5333,146.0333,75.13,89,55,3.56,broken clouds
148,Gorontalo,ID,0.5412,123.0595,74.86,94,91,2.17,overcast clouds
149,Te Anau,NZ,-45.4167,167.7167,51.01,62,47,1.19,scattered clouds
150,Kulhudhuffushi,MV,6.6221,73.07,82.87,71,10,4.18,clear sky
151,Ribeira Grande,PT,38.5167,-28.7,63.0,72,20,12.66,few clouds
152,Vila Velha,BR,-20.3297,-40.2925,84.15,80,20,8.05,few clouds
153,Carnarvon,AU,-24.8667,113.6333,77.07,83,40,11.5,scattered clouds
154,Swan Hill,AU,-35.3378,143.5544,55.22,85,0,3.36,clear sky
155,Los Llanos De Aridane,ES,28.6585,-17.9182,58.12,97,75,14.0,broken clouds
156,Porto Novo,BJ,6.4965,2.6036,84.02,82,96,9.15,overcast clouds
157,Norman Wells,CA,65.282,-126.8329,-0.36,50,75,2.3,broken clouds
158,Qaqortoq,GL,60.7167,-46.0333,39.61,77,100,3.29,overcast clouds
159,Castro,BR,-24.7911,-50.0119,68.02,87,75,4.5,broken clouds
160,Krishnanagar,IN,23.4,88.5,80.24,77,45,12.95,scattered clouds
161,Kargil,IN,34.5667,76.1,21.9,70,16,3.94,few clouds
162,Changzhou,CN,31.7833,119.9667,44.37,71,66,6.51,broken clouds
163,General Roca,AR,-39.0333,-67.5833,65.97,16,42,20.62,scattered clouds
164,Kismayo,SO,-0.3582,42.5454,80.78,80,59,10.96,broken clouds
165,Port Lincoln,AU,-34.7333,135.8667,58.51,83,1,3.18,clear sky
166,Caxito,AO,-8.5785,13.6643,74.55,93,76,4.45,broken clouds
167,Vega Baja,PR,18.4444,-66.3877,84.78,82,22,5.01,few clouds
168,Tigre,AR,-34.426,-58.5796,68.22,91,97,4.05,light rain
169,Omboue,GA,-1.5746,9.2618,77.9,88,85,4.65,overcast clouds
170,Hobyo,SO,5.3505,48.5268,81.36,75,20,9.53,few clouds
171,Katsuura,JP,35.1333,140.3,48.22,88,100,17.87,light rain
172,Porto Santo,PT,33.072,-16.3415,61.18,67,75,32.21,broken clouds
173,Soyo,AO,-6.1349,12.3689,78.75,90,44,9.53,scattered clouds
174,Kenai,US,60.5544,-151.2583,41.02,60,20,10.36,few clouds
175,Ormara,PK,25.2088,64.6357,77.38,69,3,6.46,clear sky
176,Khani,GE,41.9563,42.9566,45.97,87,97,5.1,overcast clouds
177,Azangaro,PE,-14.9167,-70.2167,51.04,71,89,8.81,heavy intensity rain
178,Maceio,BR,-9.6658,-35.7353,78.24,83,75,6.91,broken clouds
179,Phetchabun,TH,16.25,101.0833,73.74,50,100,5.73,overcast clouds
180,Jamestown,US,42.097,-79.2353,35.19,74,100,11.5,mist
181,Sereflikochisar,TR,38.9393,33.5386,54.73,44,100,13.15,overcast clouds
182,Maracacume,BR,-2.0428,-45.9592,76.42,94,93,4.25,light rain
183,Bengkulu,ID,-3.8004,102.2655,76.53,83,100,4.81,overcast clouds
184,Zunyi,CN,27.6867,106.9072,53.19,72,100,2.95,overcast clouds
185,Broken Hill,AU,-31.95,141.4333,53.31,76,0,0.0,clear sky
186,Henderson,US,36.0397,-114.9819,81.82,22,0,6.91,clear sky
187,Saint-Augustin,CA,51.226,-58.6502,36.21,86,68,14.76,broken clouds
188,Minuri,PH,16.535,121.8574,71.28,97,100,0.36,overcast clouds
189,Ghoti,IN,19.7168,73.6245,75.7,49,0,2.13,clear sky
190,Reitz,ZA,-27.8014,28.4273,55.45,94,100,2.26,light rain
191,Seversk,RU,56.6006,84.8864,29.35,94,100,5.61,overcast clouds
192,Alofi,NU,-19.0595,-169.9187,80.49,78,75,6.91,broken clouds
193,Naliya,IN,23.2667,68.8333,76.24,71,2,7.72,clear sky
194,Acarau,BR,-2.8856,-40.12,78.73,86,26,11.45,heavy intensity rain
195,Flinders,AU,-34.5833,150.8552,63.37,77,1,5.01,clear sky
196,Galesti,RO,46.5167,24.75,32.49,85,100,9.4,overcast clouds
197,Papara,BR,-3.9839,-38.7273,81.0,94,53,2.93,broken clouds
198,Cherskiy,RU,68.75,161.3,-1.48,96,100,4.5,overcast clouds
199,Upington,ZA,-28.4478,21.2561,62.98,55,0,4.61,clear sky
200,Umea,SE,63.8284,20.2597,27.91,100,0,2.3,clear sky
201,Dunyapur,PK,29.7995,71.7196,76.75,10,6,6.91,clear sky
202,Mecca,SA,21.4267,39.8261,83.26,30,91,4.97,overcast clouds
203,Alice Springs,AU,-23.7,133.8833,49.55,57,0,0.0,clear sky
204,Samarai,PG,-10.6167,150.6667,80.8,77,89,9.91,overcast clouds
205,Ahipara,NZ,-35.1667,173.1667,68.61,77,2,2.53,clear sky
206,Erenhot,CN,43.6475,111.9767,44.13,26,40,13.71,scattered clouds
207,Llanes,ES,43.4198,-4.7549,43.77,71,76,12.68,broken clouds
208,Hongjiang,CN,27.11,109.9956,54.3,77,1,2.01,clear sky
209,Peniche,PT,39.3558,-9.3811,55.29,66,80,22.32,broken clouds
210,Plouzane,FR,48.3833,-4.6167,39.25,73,0,5.75,clear sky
211,Jardim,BR,-21.4803,-56.1381,83.16,61,43,3.69,scattered clouds
212,Quatre Cocos,MU,-20.2078,57.7625,79.09,78,29,12.03,scattered clouds
213,Lethem,GY,3.3803,-59.7968,80.28,71,99,5.86,overcast clouds
214,Porangatu,BR,-13.4408,-49.1486,78.06,67,28,3.31,scattered clouds
215,Puerto Colombia,CO,10.9878,-74.9547,84.29,78,73,22.93,broken clouds
216,Kyren,RU,51.6828,102.1408,26.19,96,100,3.71,light snow
217,Puerto Leguizamo,CO,-0.1934,-74.7819,83.95,63,100,2.15,overcast clouds
218,Geraldton,AU,-28.7667,114.6,72.01,83,100,16.11,overcast clouds
219,Kavaratti,IN,10.5669,72.642,82.17,72,79,7.02,broken clouds
220,Saryg-Sep,RU,51.5,95.6,26.19,95,100,2.01,overcast clouds
221,Aquiraz,BR,-3.9014,-38.3911,82.49,87,40,9.64,scattered clouds
222,Ambulu,ID,-8.345,113.6058,74.19,92,7,3.18,clear sky
223,Haines Junction,CA,60.7522,-137.5108,39.15,48,100,2.3,overcast clouds
224,Bafoulabe,ML,13.8065,-10.8321,94.93,13,94,8.1,overcast clouds
225,Talnakh,RU,69.4865,88.3972,0.3,98,87,6.64,overcast clouds
226,Shangqiu,CN,34.45,115.65,46.35,70,86,8.46,overcast clouds
227,Adrar,MR,20.5022,-10.0711,80.6,12,0,11.54,clear sky
228,Sobolevo,RU,54.4299,31.8996,25.09,89,100,6.64,overcast clouds
229,Klaksvik,FO,62.2266,-6.589,45.52,98,100,18.57,overcast clouds
230,Pochutla,MX,15.7432,-96.4661,90.82,36,5,8.77,clear sky
231,Abapo,BO,-18.8333,-63.4667,82.8,42,68,11.3,broken clouds
232,Maneromango,TZ,-7.1988,38.7848,71.01,94,11,3.65,few clouds
233,Ilulissat,GL,69.2167,-51.1,30.22,74,75,9.22,broken clouds
234,Gasa,PS,31.5,34.4667,63.21,64,100,6.4,overcast clouds
235,Cambridge,CA,43.3601,-80.3127,40.96,76,100,13.8,overcast clouds
236,Ayan,RU,56.45,138.1667,25.57,94,100,21.0,light snow
237,Vestmannaeyjar,IS,63.4427,-20.2734,42.89,81,100,17.76,overcast clouds
238,Sao Luiz Gonzaga,BR,-28.4083,-54.9608,70.52,93,79,4.79,broken clouds
239,Parabel,RU,58.6978,81.4825,21.4,92,100,7.83,overcast clouds
240,Vandra,EE,58.6481,25.0361,29.86,92,46,4.74,scattered clouds
241,Zonhoven,BE,50.9914,5.3709,38.98,81,69,5.3,broken clouds
242,Maua,BR,-23.6678,-46.4614,73.2,94,86,6.53,overcast clouds
243,Belaya Gora,RU,68.5333,146.4167,-17.25,100,97,0.92,overcast clouds
244,Shahrud,IR,36.4182,54.9763,63.75,23,0,2.66,clear sky
245,Kuala Kangsar,MY,4.7667,100.9333,76.95,98,92,1.1,overcast clouds
246,Honolulu,US,21.3069,-157.8583,80.42,60,40,18.41,scattered clouds
247,Oranjemund,NA,-28.55,16.4333,59.86,92,1,4.05,clear sky
248,Andros Town,BS,24.7,-77.7667,84.16,69,81,8.97,broken clouds
249,Vanimo,PG,-2.6741,141.3028,77.36,87,100,2.42,moderate rain
250,Isabela,PH,6.7085,121.9711,78.37,85,98,0.76,moderate rain
251,Kandla,IN,23.0333,70.2167,80.2,54,0,10.94,clear sky
252,Lewiston,US,44.1003,-70.2148,50.34,37,0,4.61,clear sky
253,Gairo,IT,39.8497,9.5047,42.01,65,100,4.54,overcast clouds
254,Srivardhan,IN,18.0333,73.0167,77.95,79,13,6.87,few clouds
255,Visby,SE,57.6409,18.296,37.81,80,20,10.36,few clouds
256,Formosa Do Rio Preto,BR,-11.0483,-45.1931,81.43,51,73,3.2,broken clouds
257,Sitka,US,57.0531,-135.33,40.89,75,100,24.16,light rain
258,Bethel,US,41.3712,-73.414,43.02,88,100,0.0,overcast clouds
259,Kabinda,CD,-6.1333,24.4833,66.99,89,100,1.88,overcast clouds
260,San Juan,AR,-31.5375,-68.5364,69.75,30,2,20.24,clear sky
261,Terenos,BR,-20.4422,-54.8603,83.91,74,75,4.61,thunderstorm
262,Udalguri,IN,26.7667,92.1333,70.9,91,90,8.68,overcast clouds
263,Berezovyy,RU,51.6667,135.7,35.08,78,100,8.43,overcast clouds
264,Ojinaga,MX,29.5667,-104.4167,91.58,26,0,0.0,clear sky
265,Khatanga,RU,71.9667,102.5,-31.04,100,99,3.47,overcast clouds
266,College,US,64.8569,-147.8028,23.22,61,75,4.61,broken clouds
267,Nanortalik,GL,60.1432,-45.2371,36.66,81,97,5.08,overcast clouds
268,Kingston,JM,17.997,-76.7936,85.24,68,20,19.57,few clouds
269,Vilyuysk,RU,63.7553,121.6247,-1.68,100,100,4.27,overcast clouds
270,Borogontsy,RU,62.6683,131.1683,10.13,97,100,3.69,overcast clouds
271,Sisophon,KH,13.5859,102.9737,66.83,69,80,8.41,broken clouds
272,Rabo De Peixe,PT,37.8,-25.5833,58.51,67,40,9.22,scattered clouds
273,San Andres,CO,12.5847,-81.7006,87.82,66,40,16.11,scattered clouds
274,Prainha,BR,-1.8,-53.48,78.24,92,96,1.68,overcast clouds
275,Morant Bay,JM,17.8815,-76.4093,85.71,69,8,10.87,clear sky
276,Lompoc,US,34.6391,-120.4579,70.02,76,40,13.8,scattered clouds
277,Palauig,PH,15.435,119.9045,77.74,74,97,5.95,overcast clouds
278,Port Moresby,PG,-9.4431,147.1797,72.82,100,40,5.75,scattered clouds
279,Necochea,AR,-38.5473,-58.7368,55.63,54,97,22.75,overcast clouds
280,Novyy Urengoy,RU,66.0833,76.6333,1.99,99,100,8.55,overcast clouds
281,Otane,NZ,-39.8833,176.6333,62.01,77,51,0.96,broken clouds
282,Gamba,GA,-2.65,10.0,77.36,94,100,2.89,overcast clouds
283,Fier,AL,40.7239,19.5561,47.57,81,96,3.11,overcast clouds
284,Nizhniy Kuranakh,RU,58.8353,125.4869,15.15,96,100,5.37,light snow
285,Pervomaysk,UA,48.0443,30.8507,36.81,80,100,12.19,overcast clouds
286,Skibbereen,IE,51.55,-9.2667,50.11,89,100,13.69,overcast clouds
287,Pierre,US,44.3683,-100.351,49.12,70,100,23.02,overcast clouds
288,Vvedenskoye,RU,55.4753,65.0847,38.75,86,100,14.56,overcast clouds
289,Porto Walter,BR,-8.2686,-72.7439,83.5,63,76,2.37,broken clouds
290,Buy,RU,58.4786,41.53,19.08,95,98,5.53,overcast clouds
291,Selinia,GR,37.9336,23.5336,59.85,48,20,0.0,few clouds
292,Aksaray,TR,38.3726,34.0254,54.99,46,100,7.63,overcast clouds
293,Labrea,BR,-7.2586,-64.7981,85.51,64,31,1.28,scattered clouds
294,Solnechnyy,RU,50.7214,136.6319,33.04,84,100,7.67,overcast clouds
295,El Sauzal,MX,31.9,-116.6833,63.41,79,61,9.82,broken clouds
296,Itacoatiara,BR,-3.1431,-58.4442,75.85,94,100,3.38,overcast clouds
297,Harper,LR,4.375,-7.7169,80.08,83,100,9.71,overcast clouds
298,Ust-Charyshskaya Pristan,RU,52.3934,83.6635,37.53,79,97,5.75,overcast clouds
299,Dimitrovgrad,RU,54.2139,49.6184,37.13,93,91,4.65,overcast clouds
300,Grabovo,RU,53.3875,45.064,40.53,37,100,2.68,overcast clouds
301,Korla,CN,41.7597,86.1469,56.61,23,0,4.61,clear sky
302,Hofn,IS,64.2539,-15.2082,35.87,95,100,19.46,overcast clouds
303,Neepawa,CA,50.2289,-99.4664,36.0,80,89,3.38,overcast clouds
304,Burla,IN,21.5,83.8667,75.81,24,6,3.24,clear sky
305,Grindavik,IS,63.8424,-22.4338,39.67,93,75,13.8,light intensity drizzle
306,Nishihara,JP,26.1842,127.7558,63.68,76,0,14.97,clear sky
307,Kahului,US,20.8947,-156.47,80.62,67,40,21.85,scattered clouds
308,Jalu,LY,29.0331,21.5482,77.36,13,8,11.88,clear sky
309,Ngunguru,NZ,-35.6167,174.5,66.63,76,8,0.47,clear sky
310,Oranjestad,AW,12.524,-70.027,84.15,70,75,24.16,broken clouds
311,Pathein,MM,16.7833,94.7333,77.23,72,95,2.33,overcast clouds
312,Saint-Louis,SN,16.3333,-15.0,75.88,30,95,14.85,overcast clouds
313,Henties Bay,NA,-22.116,14.2845,61.56,84,0,6.73,clear sky
314,Taoudenni,ML,22.6783,-3.9836,89.31,10,0,10.04,clear sky
315,Richards Bay,ZA,-28.783,32.0377,75.94,81,98,10.38,overcast clouds
316,Black River,JM,18.0264,-77.8487,83.1,65,35,9.01,scattered clouds
317,Worthington,US,40.0931,-83.018,50.99,53,100,8.05,overcast clouds
318,Kalanchak,UA,46.2562,33.2907,43.75,70,100,13.85,overcast clouds
319,Axim,GH,4.8699,-2.2405,82.06,86,100,10.29,overcast clouds
320,Bara,NG,10.3744,10.7288,84.29,9,100,2.13,overcast clouds
321,Atambua,ID,-9.1061,124.8925,70.83,84,19,2.66,few clouds
322,Dingle,PH,10.9995,122.6711,75.13,86,99,7.2,overcast clouds
323,Hunchun,CN,42.8675,130.3581,38.48,61,3,1.88,clear sky
324,Mattru,SL,7.6244,-11.8332,76.84,87,100,3.24,light rain
325,Palora,EC,-1.7,-77.9333,80.71,79,91,2.55,light rain
326,Sovetskiy,RU,61.3614,63.5842,33.46,98,100,11.48,overcast clouds
327,Ambilobe,MG,-13.2,49.05,73.13,96,97,2.39,overcast clouds
328,Rawson,AR,-43.3002,-65.1023,61.65,27,11,12.44,few clouds
329,Shingu,JP,33.7333,135.9833,50.0,88,98,6.82,overcast clouds
330,Portland,US,45.5234,-122.6762,57.9,66,100,10.36,overcast clouds
331,Nome,US,64.5011,-165.4064,15.87,48,0,3.44,clear sky
332,Bakau,GM,13.4781,-16.6819,68.56,83,70,21.41,broken clouds
333,Lavrentiya,RU,65.5833,-171.0,-6.41,86,17,11.74,few clouds
334,Guadalajara,MX,20.6667,-103.3333,90.99,9,13,1.01,few clouds
335,Oistins,BB,13.0667,-59.5333,82.49,61,20,19.57,few clouds
336,Kem,RU,64.9555,34.5793,18.09,98,100,5.46,overcast clouds
337,Reporoa,NZ,-38.4333,176.35,67.19,75,13,0.58,few clouds
338,Vao,NC,-22.6667,167.4833,79.29,87,83,18.07,broken clouds
339,Aklavik,CA,68.2191,-135.0107,-5.46,86,100,11.23,overcast clouds
340,Ampanihy,MG,-24.7,44.75,69.53,89,0,5.84,clear sky
341,San Cristobal,VE,7.7669,-72.225,82.58,53,51,5.19,broken clouds
342,Moree,AU,-29.4667,149.85,60.82,94,100,9.22,overcast clouds
343,Pineville,US,31.3224,-92.4343,81.32,38,0,6.91,clear sky
344,Gold Coast,AU,-28.0,153.4333,72.0,88,100,5.75,overcast clouds
345,Clyde River,CA,70.4692,-68.5914,14.23,85,0,4.61,clear sky
346,Cap-Aux-Meules,CA,47.3821,-61.8597,33.82,69,20,16.11,few clouds
347,Doume,CM,4.2333,13.45,74.71,67,53,1.95,broken clouds
348,Saskylakh,RU,71.9167,114.0833,-7.24,98,100,10.13,overcast clouds
349,Lalmohan,BD,22.3384,90.7419,80.02,81,8,14.43,clear sky
350,Faanui,PF,-16.4833,-151.75,81.84,74,71,11.18,broken clouds
351,Astana,KZ,51.1801,71.446,35.55,87,0,6.71,clear sky
352,Peleduy,RU,59.6289,112.7406,15.22,96,100,5.61,light snow
353,Muros,ES,42.7762,-9.0603,48.09,54,0,20.24,clear sky
354,Cuamba,MZ,-14.8031,36.5372,69.28,95,36,2.08,light rain
355,High Level,CA,58.5169,-117.136,32.11,59,40,10.36,scattered clouds
356,Coquimbo,CL,-29.9533,-71.3436,62.33,72,0,13.8,clear sky
357,Labuan,MY,5.2767,115.2417,77.36,100,20,0.0,few clouds
358,Villaviciosa,ES,43.4813,-5.4357,46.17,77,88,8.5,overcast clouds
359,Kaeo,NZ,-35.1,173.7833,67.32,92,17,0.45,few clouds
360,Khandyga,RU,62.6667,135.6,1.13,95,94,3.94,overcast clouds
361,Ust-Kuyga,RU,70.0167,135.6,-22.65,100,99,0.63,overcast clouds
362,Sulangan,PH,11.1373,123.7228,80.92,81,93,18.77,overcast clouds
363,San Marcos,US,33.1434,-117.1661,64.27,77,100,10.36,overcast clouds
364,Kuytun,RU,54.3419,101.5036,20.41,97,100,4.03,light snow
365,Wanning,CN,18.8003,110.3967,66.87,77,100,11.86,overcast clouds
366,Bossangoa,CF,6.4926,17.4552,76.53,70,100,7.58,overcast clouds
367,Antofagasta,CL,-23.65,-70.4,65.48,70,12,8.7,few clouds
368,Diapaga,BF,12.0708,1.7889,96.03,21,100,4.52,overcast clouds
369,Carlisle,US,40.2015,-77.1889,47.01,54,84,8.01,broken clouds
370,Zhangye,CN,38.9342,100.4517,46.54,22,86,4.36,overcast clouds
371,Wana,PK,32.2989,69.5725,64.78,13,0,4.54,clear sky
372,Traverse City,US,44.7631,-85.6206,45.73,75,100,6.91,overcast clouds
373,Padang,ID,-0.9492,100.3543,75.79,85,27,4.18,scattered clouds
374,Qeshm,IR,26.9581,56.2719,73.27,71,100,4.52,overcast clouds
375,Kidodi,TZ,-7.6036,37.0044,72.32,90,6,2.06,clear sky
376,Ayorou,NE,14.7308,0.9174,89.78,8,84,5.57,broken clouds
377,Lockhart,US,28.6194,-81.4426,83.05,51,0,3.44,clear sky
378,Areosa,PT,41.7178,-8.8571,46.94,61,38,12.35,scattered clouds
379,Wanaka,NZ,-44.7,169.15,58.46,49,36,2.64,scattered clouds
380,Salalah,OM,17.0151,54.0924,78.89,89,0,2.3,clear sky
381,Goundam,ML,16.4145,-3.6708,89.44,10,40,6.17,scattered clouds
382,Hamilton,US,39.1834,-84.5333,58.75,46,40,11.5,scattered clouds
383,Fortuna,US,40.5982,-124.1573,58.93,63,0,13.8,clear sky
384,Kouroussa,GN,10.65,-9.8833,88.72,40,95,8.61,overcast clouds
385,Rio Pardo De Minas,BR,-15.6097,-42.5397,74.89,47,3,5.21,clear sky
386,Marzuq,YE,14.4,46.4667,69.08,36,2,5.82,clear sky
387,Timizart,DZ,36.8,4.2667,45.97,86,100,12.03,overcast clouds
388,Port Hedland,AU,-20.3167,118.5667,77.05,83,2,6.91,clear sky
389,Jatai,BR,-17.8814,-51.7144,76.42,74,55,5.57,broken clouds
390,Houma,US,29.5958,-90.7195,80.02,48,0,11.5,clear sky
391,Sulecin,PL,52.4443,15.1168,40.89,80,98,10.29,overcast clouds
392,Stellenbosch,ZA,-33.9346,18.8668,64.63,83,54,4.16,broken clouds
393,Lorengau,PG,-2.0226,147.2712,80.53,77,100,0.98,overcast clouds
394,Suraabad,AZ,40.8192,49.4687,73.72,28,100,19.82,overcast clouds
395,Aripuana,BR,-9.1667,-60.6333,79.99,83,98,1.74,overcast clouds
396,Sinnamary,GF,5.3833,-52.95,78.33,88,59,11.34,light rain
397,Tomatlan,MX,19.9333,-105.25,88.92,37,43,13.38,scattered clouds
398,Aleksandrovsk-Sakhalinskiy,RU,50.8975,142.1561,39.02,72,81,24.92,broken clouds
399,Mandalgovi,MN,45.7625,106.2708,38.88,38,100,10.85,overcast clouds
400,Margate,GB,51.3813,1.3862,42.69,63,71,1.99,broken clouds
401,Matara,LK,5.9485,80.5353,77.18,87,45,1.39,scattered clouds
402,Sao Gabriel Da Cachoeira,BR,-0.1303,-67.0892,79.52,93,58,1.77,broken clouds
403,Port Hardy,CA,50.6996,-127.4199,42.98,81,75,10.36,light intensity shower rain
404,Saraland,US,30.8207,-88.0706,82.42,29,0,5.57,clear sky
405,Mauganj,IN,24.6833,81.8833,82.09,9,0,5.35,clear sky
406,Sur,OM,22.5667,59.5289,82.44,44,20,10.07,few clouds
407,Loiza,PR,18.4313,-65.8802,84.81,59,40,6.91,scattered clouds
408,Nanyamba,TZ,-10.6833,39.8333,71.76,98,64,1.41,broken clouds
409,Doka,SD,13.5167,35.7667,92.52,15,16,9.91,few clouds
410,Berlevag,NO,70.8578,29.0864,28.35,54,75,14.97,broken clouds
411,Pucallpa,PE,-8.3791,-74.5539,82.44,65,75,4.61,broken clouds
412,Narsaq,GL,60.9167,-46.05,41.22,80,100,3.06,overcast clouds
413,Barranca,PE,-10.75,-77.7667,72.12,75,18,10.29,few clouds
414,Chicama,PE,-7.8447,-79.1469,70.34,63,55,10.6,broken clouds
415,Sao Filipe,CV,14.8961,-24.4956,71.6,73,17,9.24,few clouds
416,Holme,DK,56.1138,10.1725,42.37,91,100,18.52,light rain
417,Bud,US,39.447,-86.1758,60.75,36,6,9.86,clear sky
418,Kununurra,AU,-15.7667,128.7333,64.38,94,22,3.44,few clouds
419,Petropavlovsk-Kamchatskiy,RU,53.0452,158.6483,25.39,54,0,13.42,clear sky
420,Leningradskiy,RU,69.3833,178.4167,-13.31,99,94,2.44,overcast clouds
421,Rio Gallegos,AR,-51.6226,-69.2181,53.65,28,40,33.38,scattered clouds
422,Calvinia,ZA,-31.4707,19.776,57.25,68,0,6.31,clear sky
423,Saint-Denis,FR,48.9167,2.3333,41.23,58,0,6.91,clear sky
424,Yenagoa,NG,4.9247,6.2642,78.91,86,95,3.47,overcast clouds
425,Guipavas,FR,48.4352,-4.3972,44.06,73,0,5.75,clear sky
426,Sault Sainte Marie,CA,46.5168,-84.3333,37.69,82,100,13.8,overcast clouds
427,Verkhnyaya Inta,RU,65.9811,60.3094,21.36,81,100,21.05,overcast clouds
428,Bima,ID,-8.4667,118.7167,73.87,95,85,2.82,overcast clouds
429,Hazorasp,UZ,41.3194,61.0742,60.64,19,0,11.43,clear sky
430,Cabo San Lucas,MX,22.8909,-109.9124,78.62,68,29,5.01,scattered clouds
431,Macon,US,39.8667,-88.9668,60.87,41,0,0.0,clear sky
432,Broome,US,42.2506,-75.833,39.7,77,75,17.27,broken clouds
433,Shitkino,RU,56.3703,98.3543,18.27,93,83,1.79,broken clouds
434,Saurimo,AO,-9.6608,20.3916,65.53,96,99,3.38,overcast clouds
435,Montepuez,MZ,-13.1256,38.9997,68.31,99,38,3.36,scattered clouds
436,Lagos,NG,6.5833,3.75,84.52,82,99,5.97,overcast clouds
437,Aksum,ET,14.1245,38.7244,65.25,31,10,16.42,clear sky
438,Eureka,US,40.8021,-124.1637,63.68,67,98,5.99,overcast clouds
439,Luba,GQ,3.4568,8.5547,81.19,81,52,7.27,broken clouds
440,Batagay-Alyta,RU,67.8006,130.4114,-4.16,100,97,2.73,overcast clouds
441,Fort Nelson,CA,58.8053,-122.7002,31.59,55,75,6.91,broken clouds
442,Kijang,KR,35.2442,129.2139,42.53,64,0,3.4,clear sky
443,Beloha,MG,-25.1667,45.05,72.0,89,0,10.63,clear sky
444,Yulara,AU,-25.2406,130.9889,55.24,41,0,4.61,clear sky
445,Sistranda,NO,63.7256,8.834,31.96,80,100,7.27,light snow
446,Penzance,GB,50.1186,-5.5371,41.68,64,67,9.82,broken clouds
447,Fukue,JP,32.6881,128.8419,55.33,57,0,18.1,clear sky
448,Kasangulu,CD,-4.5911,15.1708,72.66,89,88,1.39,overcast clouds
449,Miyang,CN,24.4042,103.4428,48.04,81,4,2.28,clear sky
450,El Jicaro,GT,14.9167,-89.9,99.93,33,63,5.7,broken clouds
451,Inirida,CO,3.8653,-67.9239,80.29,88,100,1.23,moderate rain
452,Visnes,NO,59.3556,5.2242,41.22,93,75,21.85,drizzle
453,Champerico,GT,14.3,-91.9167,97.34,62,2,15.3,clear sky
454,Ouesso,CG,1.6136,16.0517,73.11,85,98,1.28,overcast clouds
455,Merauke,ID,-8.4667,140.3333,77.34,83,38,5.79,scattered clouds
456,Kilindoni,TZ,-7.9139,39.6668,82.51,72,10,8.61,clear sky
457,Zlitan,LY,32.4674,14.5687,59.16,83,18,15.43,few clouds
458,Birjand,IR,32.8663,59.2211,59.47,17,0,6.91,clear sky
459,Saint-Pierre,RE,-21.3393,55.4781,74.88,88,100,6.91,overcast clouds
460,Kudahuvadhoo,MV,2.6708,72.8944,82.6,64,7,2.57,clear sky
461,Torbay,CA,47.6666,-52.7314,40.39,74,40,33.38,scattered clouds
462,Florida,US,28.7505,-82.5001,81.91,42,0,3.44,clear sky
463,Karla,EE,59.3723,24.9275,29.91,93,0,6.91,clear sky
464,Contamana,PE,-7.3333,-75.0167,90.91,41,49,3.44,scattered clouds
465,Rudnaya Pristan,RU,44.3614,135.8116,38.16,65,0,4.36,clear sky
466,Lexington,US,37.9887,-84.4777,58.98,38,40,6.91,scattered clouds
467,Guapi,CO,2.5708,-77.8854,81.91,83,94,6.31,moderate rain
468,Huejuquilla El Alto,MX,22.6,-103.8667,86.54,8,17,19.51,few clouds
469,Slavuta,UA,50.3016,26.8651,28.26,90,97,10.29,overcast clouds
470,Buala,SB,-8.145,159.5921,79.34,82,100,5.53,overcast clouds
471,Auki,SB,-8.7676,160.7034,78.85,87,100,6.62,light rain
472,Svetlyy,RU,54.675,20.1347,32.05,69,78,9.08,broken clouds
473,Yar-Sale,RU,66.8333,70.8333,8.76,91,100,11.18,overcast clouds
474,Kasongo-Lunda,CD,-6.4667,16.8167,70.77,88,47,1.57,scattered clouds
475,Pasni,PK,25.2631,63.471,76.78,69,6,4.29,clear sky
476,Alghero,IT,40.5589,8.3181,42.89,81,0,1.14,clear sky
477,Salisbury,GB,51.0693,-1.7957,42.37,65,70,6.91,broken clouds
478,Novaya Ladoga,RU,60.1025,32.3019,21.61,95,36,4.88,scattered clouds
479,Sirjan,IR,29.452,55.6814,63.73,11,0,5.99,clear sky
480,Iquitos,PE,-3.7481,-73.2472,78.84,78,75,2.3,broken clouds
481,Puebloviejo,CO,10.9938,-74.2844,91.58,52,75,11.5,broken clouds
482,Vila,PT,42.0304,-8.1588,36.48,75,22,5.3,few clouds
483,Aguas Belas,BR,-9.1114,-37.1231,77.86,69,80,11.86,broken clouds
484,Ikalamavony,MG,-21.15,46.5833,62.42,76,1,5.12,clear sky
485,Naberera,TZ,-4.2,36.9333,64.56,80,32,7.58,scattered clouds
486,Tigil,RU,57.8,158.6667,16.3,92,94,5.44,overcast clouds
487,Port Macquarie,AU,-31.4333,152.9167,61.9,87,100,8.7,overcast clouds
488,Dire Dawa,ET,9.5931,41.8661,76.59,43,92,5.99,overcast clouds
489,Rantauprapat,ID,2.1,99.8333,72.01,96,100,1.23,overcast clouds
490,Kalmunai,LK,7.4167,81.8167,78.42,82,3,3.8,clear sky
491,Kungurtug,RU,50.5994,97.5228,28.27,91,100,3.18,overcast clouds
492,Azul,AR,-36.777,-59.8585,63.34,46,51,16.31,broken clouds
493,Laguna,US,38.421,-121.4238,81.28,20,0,9.22,clear sky
494,Minbu,MM,20.1833,94.8833,81.16,60,50,7.16,scattered clouds
495,Lufilufi,WS,-13.8745,-171.5986,85.78,75,60,14.14,light rain
496,Chumikan,RU,54.7183,135.315,26.04,96,100,11.45,snow
497,Arlit,NE,18.7369,7.3853,88.83,6,26,5.64,scattered clouds
498,Santa Lucia,ES,27.9117,-15.5407,58.32,82,75,3.44,broken clouds
499,Bowen,AU,-20.0167,148.2333,78.75,78,50,6.78,scattered clouds
500,Podlesnoye,RU,51.8161,47.009,45.82,90,100,4.18,overcast clouds
501,Cap Malheureux,MU,-19.9842,57.6142,79.47,82,28,7.0,scattered clouds
502,Paita,PE,-5.0892,-81.1144,76.66,71,42,17.47,scattered clouds
503,Ossora,RU,59.2353,163.0719,16.12,82,32,4.88,scattered clouds
504,Moyale,KE,3.5167,39.0584,73.53,37,37,6.91,scattered clouds
505,Nova Granada,BR,-20.5339,-49.3142,89.85,62,7,4.85,clear sky
506,Namtsy,RU,62.7161,129.6658,14.56,97,100,5.28,overcast clouds
507,Oriximina,BR,-1.7656,-55.8661,76.68,94,96,2.77,overcast clouds
508,Makakilo City,US,21.3469,-158.0858,79.12,54,75,18.41,broken clouds
509,Pimentel,PE,-6.8367,-79.9342,80.89,50,0,24.16,clear sky
510,Cockburn Town,TC,21.4612,-71.1419,80.56,74,40,17.27,scattered clouds
511,Garowe,SO,8.4054,48.4845,74.23,59,68,7.07,broken clouds
512,Birzai,LT,56.2,24.75,28.71,80,92,7.14,overcast clouds
513,Guerrero Negro,MX,27.9769,-114.0611,65.91,53,22,15.9,few clouds
514,Nioaque,BR,-21.1353,-55.83,83.95,61,50,4.05,scattered clouds
515,Plettenberg Bay,ZA,-34.0527,23.3716,60.91,90,54,2.62,broken clouds
516,Muli,MV,2.9167,73.5667,82.56,63,5,2.06,clear sky
517,Sarakhs,IR,36.5449,61.1577,70.45,18,23,5.46,few clouds
518,Sivas,TR,39.7916,37.0019,46.87,56,100,5.39,overcast clouds
519,Koumac,NC,-20.5667,164.2833,80.1,85,100,4.45,overcast clouds
520,Teguldet,RU,57.3064,88.1667,15.13,92,100,4.5,overcast clouds
521,Gavle,SE,60.6745,17.1417,38.37,49,100,3.0,light rain
522,Visavadar,IN,21.3833,70.6833,78.13,61,0,7.36,clear sky
523,Umba,RU,66.6871,34.3429,22.32,91,100,10.02,overcast clouds
524,Salmas,IR,38.1973,44.7653,55.96,40,77,6.42,broken clouds
525,Aksarka,RU,66.5606,67.7975,15.28,83,100,14.0,overcast clouds
526,Xai-Xai,MZ,-25.0519,33.6442,75.65,66,1,11.45,clear sky
527,Kumluca,TR,36.3703,30.2869,62.56,53,10,1.52,clear sky
528,Esperance,AU,-33.8667,121.9,64.24,93,100,7.18,moderate rain
529,Wadsworth,US,41.0256,-81.7299,41.11,77,100,5.01,overcast clouds
530,Mezen,RU,65.8522,44.24,10.36,97,95,3.58,overcast clouds
531,Gazanjyk,TM,39.2446,55.5154,76.32,18,0,2.71,clear sky
532,Nara,JP,34.6851,135.8049,48.96,68,66,4.07,broken clouds
533,Iquique,CL,-20.2208,-70.1431,69.84,70,5,8.7,clear sky
534,Colares,PT,38.7992,-9.4469,55.33,54,20,20.0,few clouds
535,Bacolod,PH,10.6667,122.95,77.88,84,98,11.32,overcast clouds
536,Svarstad,NO,59.399,9.9698,44.94,38,100,1.99,overcast clouds
537,Dandong,CN,40.1292,124.3947,39.51,74,0,4.9,clear sky
538,Manali,IN,13.1667,80.2667,84.29,88,92,9.26,overcast clouds
539,Vardo,NO,70.3705,31.1107,24.78,93,75,4.61,broken clouds
540,Zhigansk,RU,66.7697,123.3711,0.32,97,91,9.73,overcast clouds
541,Sisimiut,GL,66.9395,-53.6735,31.68,90,12,4.97,few clouds
542,Kargasok,RU,59.0556,80.8572,22.68,90,100,8.61,overcast clouds
543,Mayor Pablo Lagerenza,PY,-19.9309,-60.7718,95.56,31,9,11.05,clear sky
544,Victor Harbor,AU,-35.5667,138.6167,55.94,88,27,2.62,scattered clouds
545,Talas,TR,38.6908,35.5538,56.07,33,0,9.22,clear sky
546,Opuwo,NA,-18.0607,13.84,67.32,67,51,5.48,broken clouds
547,Conde,BR,-7.2597,-34.9075,76.46,94,75,5.75,moderate rain
548,Longyan,CN,25.1072,117.0225,48.29,80,0,3.36,clear sky
549,Gat,IL,31.61,34.7642,71.4,49,100,5.46,overcast clouds
550,Tchollire,CM,8.4022,14.1698,85.21,20,38,1.92,scattered clouds
551,Zimovniki,RU,47.1483,42.4633,50.25,80,65,19.91,moderate rain
552,Hokitika,NZ,-42.7167,170.9667,58.46,69,2,1.57,clear sky
553,Marsa Matruh,EG,31.3525,27.2453,61.0,77,0,8.05,clear sky
554,Tilichiki,RU,60.4667,166.1,12.09,82,97,6.58,overcast clouds
555,Forbes,AU,-33.3833,148.0167,57.92,51,100,1.19,overcast clouds
556,Evensk,RU,61.95,159.2333,8.42,84,29,3.96,scattered clouds
557,Kailua,US,21.4022,-157.7394,80.58,66,72,8.01,broken clouds
558,Blama,SL,7.8736,-11.3433,77.14,83,96,4.54,light rain
559,Lubao,PH,14.9167,120.55,77.07,80,98,6.58,overcast clouds
560,Adelaide,AU,-34.9333,138.6,55.29,84,0,5.75,clear sky
561,Slave Lake,CA,55.2834,-114.769,53.58,24,0,16.11,clear sky
562,Turbat,PK,26.0023,63.044,79.54,34,6,3.06,clear sky
563,Develi,TR,38.3906,35.4922,54.75,60,70,6.4,broken clouds
564,Lasa,IT,46.6166,10.7002,36.36,96,100,0.92,light snow
565,Moerai,PF,-22.4333,-151.3333,81.19,76,100,13.42,overcast clouds
566,Natal,BR,-5.795,-35.2094,77.65,94,75,6.91,broken clouds
567,San Ramon,US,37.7799,-121.978,80.82,40,0,12.66,clear sky
568,Naze,JP,28.3667,129.4833,58.12,60,14,12.28,few clouds
569,Serowe,BW,-22.3833,26.7167,73.8,51,100,2.93,overcast clouds
570,Marawi,PH,7.9986,124.2928,67.3,95,89,0.76,overcast clouds
571,Saint-Georges,GD,12.0564,-61.7485,83.88,61,20,32.21,few clouds
572,Hede,CN,33.7681,120.2517,40.24,69,1,6.76,clear sky
573,Bull Savanna,JM,17.8868,-77.5902,81.36,64,31,13.87,scattered clouds
574,Merrill,US,45.1805,-89.6835,46.17,53,100,3.44,overcast clouds
575,Baglung,NP,28.2719,83.5898,62.4,52,17,6.22,few clouds
576,Hwange,ZW,-18.3693,26.5019,69.22,77,16,2.44,few clouds
577,Kirakira,SB,-10.4544,161.9205,81.36,84,100,11.01,overcast clouds
578,Calama,CL,-22.4667,-68.9333,72.09,16,0,21.85,clear sky
579,Anamur,TR,36.0751,32.8369,63.5,58,9,10.8,clear sky
580,Chekalin,RU,54.0969,36.245,25.41,93,100,6.04,overcast clouds
581,Qurayyat,SA,31.3318,37.3428,68.18,28,0,9.22,clear sky
582,Kamenka,RU,51.3223,42.7678,41.25,85,100,7.49,overcast clouds
583,Coihaique,CL,-45.5752,-72.0662,53.55,58,75,9.22,broken clouds
584,Husavik,IS,66.0449,-17.3389,29.19,95,100,11.9,light snow
585,Benjamin Constant,BR,-4.3831,-70.0311,77.13,78,75,2.3,broken clouds
586,Fagernes,NO,60.9858,9.2324,24.71,96,100,2.24,overcast clouds
587,Teya,RU,60.3778,92.6267,-1.91,100,73,3.89,broken clouds
588,Upata,VE,8.0086,-62.3989,80.71,64,98,6.11,overcast clouds
589,Cayenne,GF,4.9333,-52.3333,81.09,1,75,4.0,light rain
590,Teknaf,BD,20.8624,92.3058,76.05,90,19,5.66,few clouds
591,Ures,MX,29.4333,-110.4,85.78,12,41,16.04,scattered clouds
592,Buin,CL,-33.7333,-70.75,78.06,27,0,6.33,clear sky
593,Bemidji,US,47.4736,-94.8803,39.06,61,40,6.91,scattered clouds
594,Bisho,ZA,-32.8472,27.4422,62.46,88,57,5.95,broken clouds
595,Barvinkove,UA,48.9097,37.0205,38.28,93,100,13.98,overcast clouds
596,Bosaso,SO,11.2842,49.1816,83.46,42,24,9.89,few clouds
597,Hounde,BF,11.5,-3.5167,90.75,36,100,3.74,overcast clouds
598,Truro,GB,50.2653,-5.0544,43.88,70,20,9.22,few clouds
599,Zhanaozen,KZ,43.3,52.8,56.14,54,59,9.31,broken clouds
600,Tautira,PF,-17.7333,-149.15,82.0,76,28,14.81,light rain
601,Energetik,RU,51.7445,58.7934,40.28,82,100,9.28,overcast clouds
602,Thinadhoo,MV,0.5333,72.9333,82.74,65,4,2.75,clear sky
603,Ghanzi,BW,-21.5667,21.7833,66.63,86,100,9.24,light rain
604,Buckingham,GB,51.9997,-0.9878,42.33,73,90,4.0,overcast clouds
605,Havoysund,NO,70.9963,24.6622,28.63,59,100,15.73,light snow
606,Nantucket,US,41.2835,-70.0995,48.31,71,100,9.22,overcast clouds
607,La Ronge,CA,55.1001,-105.2842,44.82,42,20,4.61,few clouds
608,Bontang,ID,0.1333,117.5,74.43,88,100,4.23,overcast clouds
609,Lakatoro,VU,-16.0999,167.4164,77.05,87,100,12.41,overcast clouds
610,Puerto Carreno,CO,6.189,-67.4859,96.78,44,40,4.61,scattered clouds
611,Ca Mau,VN,9.1769,105.15,76.82,84,100,9.17,overcast clouds
612,Saltabarranca,MX,18.6,-95.5333,83.64,63,41,9.86,scattered clouds
613,Tolaga Bay,NZ,-38.3667,178.3,66.7,66,8,1.16,clear sky
614,Olinda,BR,-8.0089,-34.8553,82.13,78,40,12.66,scattered clouds
615,Hervey Bay,AU,-25.2986,152.8535,68.02,93,1,5.99,clear sky
616,Seda,LV,57.65,25.75,30.06,96,43,5.5,scattered clouds
617,Noumea,NC,-22.2763,166.4572,82.0,99,89,10.98,overcast clouds
618,Sorong,ID,-0.8833,131.25,78.33,86,100,4.9,overcast clouds
619,Mbale,UG,1.0821,34.175,70.56,62,73,2.13,broken clouds
620,Waipawa,NZ,-41.4122,175.5153,56.93,76,12,2.71,few clouds
621,Tabas,IR,33.5959,56.9244,75.11,13,61,1.92,broken clouds
622,Kuusamo,FI,65.9667,29.1833,5.04,92,0,0.0,clear sky
623,Skjervoy,NO,70.0311,20.9714,17.6,69,36,13.8,scattered clouds
624,Sola,VU,-13.8833,167.55,79.48,75,100,10.0,overcast clouds
625,Bambanglipuro,ID,-7.95,110.2833,75.7,87,100,3.09,light rain
626,Biak,ID,-0.9131,122.8766,76.44,85,100,2.57,overcast clouds
627,Russell,US,32.3502,-85.1999,78.08,34,0,8.05,clear sky
628,Beyneu,KZ,45.3167,55.2,64.63,39,96,11.86,overcast clouds
629,Shipitsyno,RU,61.2806,46.5208,22.23,95,100,9.19,overcast clouds
630,Ennis,IE,52.8436,-8.9864,48.13,93,100,13.8,light intensity drizzle
631,Poum,NC,-20.2333,164.0167,81.81,82,100,16.73,moderate rain
632,Conakry,GN,9.538,-13.6773,78.87,73,0,9.22,haze
633,Oksfjord,NO,70.2396,22.3479,23.07,88,91,6.22,overcast clouds
634,Custodia,BR,-8.0875,-37.6431,81.61,51,100,13.44,overcast clouds
635,Acapulco,MX,16.8634,-99.8901,84.7,53,8,9.95,clear sky
636,Aljezur,PT,37.3191,-8.8033,53.47,42,99,12.88,overcast clouds
637,Kutum,SD,14.2,24.6667,77.41,12,91,8.46,overcast clouds
638,Bend,US,44.0582,-121.3153,57.38,37,0,11.5,clear sky
639,Paranaiba,BR,-19.6772,-51.1908,81.66,66,65,0.85,broken clouds
640,Ust-Omchug,RU,61.15,149.6333,-7.8,100,88,1.34,overcast clouds
641,Damnoen Saduak,TH,13.5182,99.9547,75.02,90,100,5.01,overcast clouds
642,Tikrit,IQ,34.6071,43.6782,76.91,13,40,8.05,scattered clouds
643,Dingzhou,CN,38.5131,114.9956,42.91,66,0,4.83,clear sky
644,Villa Carlos Paz,AR,-31.4241,-64.4978,71.38,26,0,11.01,clear sky
645,Riyadh,SA,24.6877,46.7219,77.14,12,91,4.97,overcast clouds
646,Congonhas,BR,-20.4997,-43.8578,67.78,96,22,5.01,few clouds
647,Xingyi,CN,24.1877,102.817,45.09,82,4,2.66,clear sky
648,Mount Isa,AU,-20.7333,139.5,73.17,25,100,5.75,light rain
649,Gladstone,AU,-23.85,151.25,73.33,78,26,6.91,scattered clouds
650,Sibolga,ID,1.7427,98.7792,74.64,87,96,2.62,overcast clouds
651,Arteaga,MX,18.4667,-102.4167,88.75,18,98,6.98,overcast clouds
652,Smyrna,US,33.884,-84.5144,69.93,23,20,12.66,few clouds
653,Juchipila,MX,21.4167,-103.1167,94.55,7,5,13.98,clear sky
654,Narasannapeta,IN,18.4167,84.05,77.72,93,79,6.26,broken clouds
655,Gizo,SB,-8.103,156.8419,82.87,75,98,8.72,overcast clouds
656,Morehead,US,37.2711,-87.1764,63.79,33,0,5.01,clear sky
657,Mogosoaia,RO,44.5292,26.0,41.74,58,0,12.66,clear sky
658,Bad Lauterberg,DE,51.6327,10.4703,35.15,91,90,5.57,overcast clouds
659,Sioux Lookout,CA,50.1001,-91.917,37.47,60,100,3.44,overcast clouds
660,Inongo,CD,-1.95,18.2667,73.29,89,97,2.51,light rain
